{
  "toggle_mod": true,
  "animation_speed": 350,
  "curve_points": [
    [
      0.23233032,
      0.46014404
    ],
    [
      0.60980225,
      0.8251343
    ]
  ]
}